Name,R_Gal,e_Rm,e_Rp,Te,e_Te
G003.350-0.077,5.307664945296127,0.2873133494739273,0.2847846851177005,6500.0,700.0
G004.417+0.125,5.214043789124604,0.3008065838184697,0.29156460088236624,6600.0,1000.0
G005.475-0.244,3.81865516871936,1.1533902995794523,1.1950182953125021,6800.0,800.0
G005.907-0.427,6.451949795873249,0.7286168585943571,0.7199214448192253,7600.0,500.0
G006.552-0.095,6.0266425116720175,1.386729449235152,1.4154379268353159,6700.0,400.0
G007.472+0.058,12.325860269480062,2.494727173267952,2.465733416376507,9700.0,600.0
G007.254-0.075,2.953110316833606,0.9486715354369724,1.044378018550164,3600.0,1000.0
G007.177+0.088,5.335044512038229,0.2859420144803373,0.27593154090962013,4200.0,1000.0
G008.140+0.225,5.247481594493424,0.2855733549573234,0.2913847402315488,7400.0,400.0
G008.669-0.355,3.9071459754755558,0.4024379070594497,0.41029886545781835,8800.0,700.0
G008.662-0.342,4.154419862308863,0.42232845673583075,0.4248575845996534,5900.0,600.0
G008.872-0.319,4.292531859304648,0.46123896778254414,0.46165744546554777,6500.0,900.0
G008.375-0.349,3.900106916931515,0.42106085189064535,0.42149477809575675,3200.0,900.0
G008.357-0.307,3.8045624358880072,0.4248223729792122,0.4230834400643886,6500.0,1400.0
G009.617+0.196,3.2388221180809014,0.5408251533126496,0.5552318148769624,5400.0,500.0
G009.615+0.201,3.2387552044778816,0.5394269587763869,0.5700041878106954,6300.0,1200.0
G009.875-0.749,5.270015634574162,0.2836569628926613,0.28645600140865835,6300.0,1200.0
G010.624-0.384,3.4577258095011967,0.41441012361543406,0.43820717358982453,11500.0,800.0
G010.597-0.384,3.5559840367527675,0.4362395037800022,0.42555266273552705,7000.0,600.0
G010.162-0.360,5.177694468746756,0.29348842824393184,0.29357313012656405,10100.0,500.0
G010.320-0.157,5.352879649965851,0.27980954466759567,0.2882031713094939,6600.0,400.0
G010.302-0.147,5.854461001124694,0.2260598426036564,0.2227265928988711,7600.0,500.0
G010.462+0.033,1.5664343234569846,0.08561682003418603,0.24599602858723668,6500.0,700.0
G010.440+0.011,3.0257410645469216,0.8464702415919132,0.9434848777351328,5600.0,1100.0
G010.965+0.008,5.765289179850335,0.2425738022858983,0.24230625292015517,6500.0,1200.0
G010.322-0.260,4.797857430426369,0.3299253301548841,0.32933177900359834,6000.0,1000.0
G010.197-0.424,6.9732973195394194,0.9911393747648161,0.8294349996541781,3000.0,300.0
G010.142-0.422,6.6212835234200265,0.9438480787621444,0.9094053167125109,3600.0,700.0
G010.069-0.425,6.0559271845410505,0.7699426738404291,0.7651864817915905,5800.0,900.0
G010.229-0.297,6.612036355122616,0.9149369274740984,0.8729344473844458,2900.0,200.0
G010.229-0.349,6.612045854403929,0.8850542090325444,0.8857406263917058,2200.0,400.0
G011.937-0.615,5.206938226141919,0.29302605795699943,0.28654085399901597,8200.0,600.0
G011.945-0.037,4.695062025215294,1.1255690937185272,1.1619074299620227,7300.0,500.0
G011.110-0.399,8.895488074333135,1.665947672362754,1.608893700199154,5300.0,600.0
G011.909+0.738,5.491085680528019,0.2666884356424166,0.26372469742322213,8600.0,1400.0
G012.805-0.200,5.391625207549526,0.2850291070162765,0.2976526407521174,7200.0,400.0
G012.805-0.224,5.269430466884289,0.4745817580885241,0.47984150152861815,5200.0,400.0
G012.194-0.125,5.400297759831571,0.27544950829342785,0.28096679487059273,8800.0,1300.0
G012.207-0.102,5.657643898424797,1.2287520833633803,1.2761710706476928,7000.0,1300.0
G012.192-0.104,5.494978849438247,0.4851340876011374,0.48575828085947226,8600.0,1600.0
G012.684-0.184,5.882241683445874,0.15268245158710414,0.14960684064373275,5900.0,1000.0
G012.724-0.225,4.81058116653025,0.46486616746984577,0.47568615357224875,3300.0,500.0
G012.912-0.282,5.421720419077456,0.47001851185892285,0.48639670316850925,4000.0,600.0
G012.865-0.240,5.317470814398368,0.2798190548933217,0.2675398433924112,6400.0,1800.0
G013.874+0.281,4.475882369988476,0.3272783435326918,0.3278432459842975,5600.0,300.0
G013.210-0.144,3.8673736574980397,0.3936616240378168,0.4127266883992542,4900.0,300.0
G013.385+0.066,6.462346118325679,0.17104420578946744,0.17172928929919173,7100.0,600.0
G013.542-0.182,7.189170203080683,1.4168155662440274,1.419337476332796,7000.0,1900.0
G013.184+0.050,4.1047211492991265,0.2766504774008207,0.2783459198771112,7500.0,500.0
G013.989-0.120,5.245750654327759,0.28179714360199526,0.2884733673621316,6500.0,800.0
G014.489+0.021,6.000807433413338,0.21429908748977766,0.2204216953021847,6600.0,1200.0
G014.597+0.020,6.247032168803342,0.5480025624451956,0.5865841049529106,4400.0,1000.0
G014.619+0.118,5.258889494518527,0.39954024757277296,0.41174629150039,5800.0,1600.0
G015.137-0.529,6.905908423485484,0.6651011295671188,0.6529772727277079,5300.0,1300.0
G015.189-0.599,6.735483394881303,0.6410841176565638,0.624625767481338,8100.0,1800.0
G015.205-0.627,6.82097348961688,0.6319658084298254,0.6532222220309096,6900.0,1600.0
G015.075-0.122,4.694622091568803,1.033111106805801,1.0946236622137402,5200.0,1500.0
G015.035-0.677,6.290066723934102,0.09401474393402776,0.0939115012566134,7800.0,400.0
G014.994-0.739,6.383837171628047,0.18050333861435242,0.17221363104674836,9200.0,700.0
G016.944-0.074,8.402908777571641,1.5018412024608825,1.541532302217611,5700.0,700.0
G016.442-0.197,5.031961540116533,0.30258439310928686,0.3023441368184603,6800.0,1000.0
G018.304-0.390,5.522438392273121,0.25936309793930157,0.2525550520727009,5200.0,400.0
G018.149-0.282,4.4076551016981025,0.3393217217373854,0.34162839611039697,8400.0,800.0
G018.885-0.507,3.828491459794792,0.3417598820585881,0.3707024358357369,4300.0,500.0
G019.609-0.235,5.686029142516036,1.0692237260216677,1.1157730448334178,6400.0,300.0
G019.490+0.135,7.209214182822444,1.2757987268561415,1.3660500581517523,8000.0,900.0
G019.742+0.281,7.233492888477855,0.539332422534013,0.5521786727250264,4200.0,900.0
G019.075-0.287,3.839719562975662,0.3434677532361361,0.3718304953426639,6000.0,400.0
G019.679-0.132,5.008899485236109,0.9367750223130846,1.036771242429106,5200.0,600.0
G019.117-0.337,4.441716847313188,0.21623094286994693,0.22363914567898924,3300.0,500.0
G020.080-0.135,5.649838963835845,1.0489577615578094,1.1048885673122548,9300.0,800.0
G020.099-0.122,5.565450513505791,0.3362343582760925,0.3514995167865971,5200.0,1800.0
G020.989+0.090,7.355912909085899,1.2937062735892777,1.3195948920866032,7300.0,1000.0
G020.740-0.085,5.041665256204244,0.24117068541912978,0.2453929528295271,7700.0,700.0
G020.682-0.157,4.97769386288997,0.24058804248889043,0.24276299211239483,4900.0,700.0
G021.874+0.008,6.813628634410478,1.1625972543599374,1.2388329141836234,7000.0,700.0
G022.759-0.479,4.141152645013538,0.30133048567821286,0.3233219988724061,8800.0,800.0
G023.955+0.150,4.159752841321431,0.2820609287762239,0.3091266151881795,5400.0,300.0
G023.870-0.120,4.68087559727104,0.6963611198130035,0.8259528780664693,5600.0,500.0
G023.709+0.170,3.585195717940187,0.18774820539996107,0.27850279355117635,6200.0,400.0
G023.437-0.209,3.936094547594116,0.13535182432964588,0.15147177819056967,6400.0,500.0
G023.460-0.180,3.6909616149767417,0.23267614039828377,0.2961267493131974,4500.0,700.0
G023.247-0.237,3.61682584020738,0.39138364159955064,1.0334186371895648,3200.0,400.0
G023.384-0.142,3.9889638399788336,0.14245444887516134,0.15990516259166654,4200.0,700.0
G024.470+0.490,3.739538697554804,0.20358989593066612,0.27816055257676275,6600.0,300.0
G024.797+0.098,3.6924111409641975,0.17443444043962275,0.2642954328810201,5300.0,300.0
G024.507-0.222,4.095678366966655,0.1434658266762998,0.15949783651727145,5100.0,500.0
G024.675-0.155,3.680405433588154,0.17870135818306654,0.2624295557042209,6300.0,500.0
G024.494-0.039,3.773716789869239,0.29826262508883206,0.4739816785973323,6200.0,700.0
G024.402+0.071,3.9100811503507495,0.12603927713946117,0.13905244934978667,5400.0,800.0
G024.712-0.125,3.890231702249866,0.12275271451927772,0.1358003728609054,5800.0,1400.0
G025.397-0.140,3.8264097916971442,0.1911342300441814,0.27183269027621115,6600.0,300.0
G025.380-0.182,5.037353777662286,0.26071363224560073,0.2778535961918509,7000.0,400.0
G025.395+0.033,8.915151874475049,1.3980226433011005,1.4669256380921265,9500.0,1100.0
G025.767+0.211,3.629913164390517,0.0658161342871546,0.17723103888880276,7400.0,600.0
G025.692+0.031,5.44214465172331,0.22592366421821275,0.24120837064191392,6900.0,900.0
G025.459-0.210,3.576311307360926,0.05437309661898748,0.16447381720754484,7400.0,2700.0
G025.159+0.060,5.475272706182299,0.23848248781021741,0.24760046050456985,6700.0,1900.0
G025.275-0.317,5.14869455756553,0.24594070765169818,0.2580728946509918,5800.0,1500.0
G026.544+0.415,4.416527911606193,0.4721319385895799,0.6086061482350189,6900.0,600.0
G026.090-0.057,7.116907013881138,1.1300147727816725,1.2106447079210136,8000.0,1600.0
G027.279+0.145,6.588959518510873,0.9844763410257826,1.0916689751045672,7400.0,800.0
G027.494+0.191,6.6984660435165875,0.9881446963651994,1.0913509926187652,5700.0,500.0
G027.994-0.022,3.84931513320364,0.005950295478820866,0.021303361868811432,2300.0,400.0
G028.287-0.364,5.737256442613342,0.21387186735315833,0.22123435487515408,8000.0,1300.0
G028.305-0.389,4.733579562540664,0.24226192704391192,0.2637837059181436,5800.0,700.0
G028.569+0.020,4.424147947873644,0.13928845691848846,0.15370818807128916,5700.0,1100.0
G028.594-0.360,4.317752820699591,0.1919763326030246,0.24906879482969746,8400.0,1600.0
G028.609+0.018,4.16894035734385,0.2051396220466799,0.3591481492128734,6800.0,1000.0
G028.652+0.028,4.013123940573262,0.07913659433972065,0.22853361077040457,7100.0,1300.0
G028.687+0.176,4.613584788788721,0.27943856795788147,0.335660533205985,8100.0,2900.0
G028.700+0.043,4.019771003518243,0.0831963350445517,0.22786181965568186,7900.0,1500.0
G028.789+0.243,3.996534605504425,0.05804591971904838,0.17459301761892565,7300.0,2400.0
G028.805+0.175,4.015201033755515,0.06770712585783967,0.20190529694730763,7600.0,700.0
G028.817-0.227,4.296605827465521,0.18381978991311865,0.2441416533406473,6000.0,900.0
G028.977-0.607,5.097342575766246,0.45617262444477813,0.5361909566608842,5800.0,1400.0
G029.002+0.071,5.121254687364363,0.5794134903976946,0.7107630453852831,5200.0,1500.0
G029.859-0.059,4.083047440114633,0.0065819395140209735,0.0249817561246779,3200.0,400.0
G029.889-0.005,4.356072528507484,0.1603837567576889,0.22598853638499072,5000.0,500.0
G029.935-0.054,4.097082338057477,0.025703111315774407,0.09174572701187689,5400.0,300.0
G029.957-0.017,4.6839740580923905,0.19531836279991044,0.22937339549642655,5700.0,300.0
G030.024-0.044,4.480563939282103,0.23493143442359798,0.31349955940952334,5100.0,1300.0
G030.195-0.167,4.755336808203883,0.10656184395242274,0.1122884073063739,4700.0,1300.0
G030.252+0.053,4.856552618795928,0.38463939811414427,0.46674553999692137,6000.0,1600.0
G030.415-0.232,5.194014721362543,0.19179617156954443,0.20567159354423747,5100.0,700.0
G030.535+0.021,6.23370452572728,0.8103252914893186,0.9061784945268458,5500.0,400.0
G030.685-0.259,4.366869277664774,0.1527775430812941,0.3106743193362611,6400.0,500.0
G030.687-0.072,4.185254439762587,0.006207087548793844,0.02290160643174488,6000.0,500.0
G030.720-0.082,4.70812087419667,0.20144436260748222,0.24489775013429949,9900.0,1000.0
G030.750+0.013,4.659450634483057,0.14824637638066118,0.1693611714464307,7000.0,400.0
G030.755-0.049,5.779066141076244,0.3354595335609982,0.3738475888489017,6700.0,400.0
G030.765-0.034,4.278899073102878,0.07348078392567725,0.16289576696959518,9400.0,900.0
G030.784-0.027,4.406928811347333,0.13763655299224986,0.21015136381298838,5700.0,300.0
G030.789-0.100,4.197892007870881,0.011220698785313843,0.03918659098127275,4200.0,1600.0
G030.854+0.151,6.188874889673005,0.2594397745192154,0.2723835648597026,5200.0,700.0
G031.070+0.050,6.921011156987836,0.9275356012910292,1.0255737148603963,6100.0,1000.0
G031.147+0.275,4.2419438202102455,0.012418598825811422,0.04359464369030874,7800.0,2000.0
G031.244-0.110,7.476940088366001,1.8449617245851844,2.035770648765375,7100.0,700.0
G031.279+0.063,4.814624977834004,0.26522230364653687,0.3363899584862118,6700.0,900.0
G031.394-0.259,4.760165639181306,0.3293772758406881,0.45849477281743223,5100.0,500.0
G031.412+0.308,5.368112045783364,0.23606537624393642,0.263276821239117,6300.0,400.0
G031.474-0.344,4.728435766695346,0.25527958546506646,0.32741059585016163,4100.0,900.0
G032.150+0.133,4.4263319779548045,0.05877852613760748,0.1406367080456361,6200.0,500.0
G032.272-0.225,7.320460113440056,0.3914061719616013,0.39579970498697925,11100.0,1700.0
G032.589+0.008,5.070596412276403,0.26603808509422233,0.3225236266047249,6000.0,1600.0
G032.797+0.191,5.259759179695943,0.820457766589934,1.8945874705794212,8400.0,400.0
G032.927+0.606,13.099467739549564,1.3865948900471778,1.39906461171587,9900.0,2500.0
G032.990+0.040,4.785428464155803,0.23414006375666574,0.3669161482031136,5400.0,900.0
G033.204-0.009,4.496859585345788,0.025899608414999165,0.09478394655865507,5900.0,900.0
G033.419-0.004,5.189245535122272,0.3930029366707082,0.523944032572941,5900.0,1100.0
G033.810-0.189,6.685772146832758,0.7890593998957014,0.8736667360378414,8500.0,1700.0
G033.915+0.110,4.584809721952798,0.027095883122947306,0.09554835670618544,6100.0,400.0
G034.089+0.436,7.098277889951583,0.8547233831768644,0.9492076430075755,8000.0,1800.0
G034.132+0.471,6.731052571683438,0.3527931656929866,0.36627001096388767,8500.0,1200.0
G034.255+0.146,5.719457885488339,0.20165673045510069,0.2041020028257412,6700.0,300.0
G034.257+0.153,5.719563045695216,0.19542968758650314,0.20202342043214383,10700.0,700.0
G034.322+0.160,5.87689608768591,0.20573903693298945,0.2177992563347697,3000.0,600.0
G034.685+0.068,6.054146258478654,0.30059417377314723,0.32402183491575887,6800.0,1900.0
G035.035-0.504,5.918065146069741,0.2135504079353261,0.22168943172366617,6700.0,900.0
G035.467+0.140,4.982349450187447,0.13093796815141534,0.17387098178125981,5800.0,800.0
G035.544+0.003,5.871474403377399,0.27397875486208,0.3012786920297641,4800.0,900.0
G035.574+0.068,6.180935236374972,0.6020761594380986,0.7251090335842427,7300.0,1000.0
G037.874-0.399,5.980085377877519,0.4570222391074896,0.57052224798732,7800.0,500.0
G037.764-0.214,5.910921880367066,0.4471894141630841,0.5545292408143938,7200.0,700.0
G039.882-0.345,5.9142607003084215,0.24596761824178426,0.2916960989137669,7500.0,1200.0
G039.249-0.065,7.7444886171089715,0.8650068853382233,0.9356872443638693,8300.0,900.0
G041.742+0.096,8.474466143911668,0.9134292563170208,1.012819668146614,7600.0,1200.0
G041.514-0.140,6.007715021021113,0.22992501096176277,0.27907210160322027,5300.0,800.0
G043.169+0.008,7.601502691683423,0.5521470366083676,0.5955359147353203,8000.0,400.0
G043.149+0.013,7.591941080954458,0.6923555368920589,0.7535691015804318,11100.0,600.0
G043.182-0.027,7.712280453304108,0.29470740271349793,0.30331761310309346,11700.0,1100.0
G043.165-0.029,7.594243803426921,0.70826650751727,0.7654415420182428,10000.0,600.0
G043.890-0.784,5.893224034529316,0.1484345994057783,0.2228338259854743,6600.0,1000.0
G043.185-0.525,6.050406465011415,0.17308384019108924,0.21755325293893524,6800.0,800.0
G043.237-0.044,8.610585547446775,0.9114688861651947,0.9627377315443422,8000.0,700.0
G045.122+0.131,6.292196343836732,0.2594903782999429,0.348444132008753,10600.0,600.0
G045.132+0.143,6.181148276933385,0.15960286987661831,0.19467909865884359,7800.0,600.0
G045.454+0.060,6.415937093372641,0.3919642334042486,0.5917999092666628,7700.0,400.0
G045.477+0.131,6.301061487773898,0.2509471938354766,0.3320038061457824,6700.0,400.0
G045.070+0.133,6.126898338366658,0.11534906498513209,0.145977498646225,8100.0,1000.0
G046.495-0.252,6.170947517774505,0.09229990098392094,0.11771024377009542,5600.0,1200.0
G048.594+0.043,7.3897436225469395,0.24416445491047245,0.2700094257630159,7300.0,700.0
G048.605+0.026,8.137869770946782,0.3632652073739653,0.3915420311609594,6800.0,1000.0
G048.914-0.285,6.181215845435519,0.022767814422614663,0.08327711377787583,6600.0,400.0
G048.984-0.297,6.19172501303658,0.012192850991874948,0.043034211181250726,7900.0,1100.0
G049.487-0.380,6.234805767430562,0.0030572604639322876,0.01099663464443168,6800.0,300.0
G049.490-0.369,6.237609844225587,0.11865023635977145,0.4229014812968712,11200.0,600.0
G049.460-0.354,6.232074707259905,0.009533002848860939,0.03571023120017891,7200.0,400.0
G049.370-0.302,6.223559534776044,0.009837384906534297,0.036178846350167326,8400.0,400.0
G049.205-0.342,6.208600671100983,0.022971072918969604,0.08279478545437957,10600.0,600.0
G049.477-0.329,6.233921539226114,0.02306386573086794,0.08081968057031919,10500.0,1300.0
G049.585-0.385,6.244043117071617,0.02222824987462335,0.08392110105782358,5900.0,600.0
G049.079-0.375,6.200300477476823,0.012545625365989466,0.04447008010018205,6400.0,500.0
G049.440-0.459,6.230531905201689,0.022418573457726687,0.08060377335219915,4500.0,400.0
G051.365-0.012,6.405990555197,0.023468414443351016,0.08622992395601159,8500.0,1100.0
G052.752+0.335,8.184173168514373,0.5486490005002587,0.6231587197701565,7800.0,1500.0
G053.185+0.160,8.68493995113672,0.6511262508364908,0.7255442994812462,7100.0,900.0
G059.800+0.231,8.220448130626574,0.26013747264358056,0.2919860306501878,8600.0,1400.0
G000.666-00.036,0.6168661287312817,0.46161685971003213,0.666526769301269,8170.0,180.0
G005.900-00.431,5.235000881436067,0.18199648287410408,0.184127773883624,11130.0,170.0
G010.596-00.381,3.528833907649288,0.4450420636411785,0.4522243151661445,5704.0,72.0
G012.804-00.207,5.476422307942378,0.30784399105756055,0.31198755198911154,7620.0,100.0
G013.880+00.285,4.611260854873504,0.33399169661503425,0.34711127793556606,5848.0,19.0
G015.097-00.729,6.347301991777868,0.1197071361496107,0.12425712483501439,5720.0,60.0
G016.993+00.873,5.964972944786711,0.2292909317378644,0.23445009990097532,6890.0,60.0
G017.928-00.677,5.467170032089706,0.32625114816055323,0.32773684408423165,6269.0,877.0
G018.144-00.281,4.5719711457804175,0.26450389819823794,0.2826871945412064,7180.0,70.0
G018.584+00.344,7.087270711574795,0.37380853961441396,0.3778048750185672,5712.0,645.0
G018.669+01.965,5.959781024705637,0.22516114631335427,0.22133694714190444,7210.0,60.0
G019.064-00.282,4.258188287657548,0.2597195943290851,0.27526743913047014,5440.0,70.0
G019.677-00.134,4.810280040626679,0.31999367503184395,0.3274413507801066,6141.0,429.0
G019.728-00.113,5.006137481547259,0.3266112857037875,0.32266667950441175,5813.0,629.0
G020.363-00.014,4.90721244830673,0.3184491677330188,0.33407570741831183,6150.0,367.0
G020.728-00.105,4.999583520745981,0.31735964791059956,0.3290103376630569,5590.0,90.0
G021.603-00.169,8.931753108460939,0.4712644085062472,0.48460542566155596,7959.0,1399.0
G023.423-00.216,3.8110423305578567,0.43480493800969056,0.6945889346510361,6500.0,55.0
G023.661-00.252,4.781958472221095,0.2986681508711291,0.31366372734545234,5583.0,318.0
G023.713+00.175,3.3000377271876333,0.0026214237113602046,0.008888714345394177,6840.0,110.0
G024.456+00.489,3.3968058394380543,0.0038306809616628357,0.013935323554437495,6370.0,80.0
G024.844+00.093,3.445458101425556,0.003239227486272256,0.011998412763963628,5860.0,90.0
G025.382-00.151,5.102349580031678,0.2282118303402605,0.24751403037062225,7460.0,70.0
G025.397+00.033,9.655863307304614,0.5207050535291167,0.5234963542942683,7893.0,142.0
G025.398+00.562,7.5698692593865875,0.34074162490288806,0.3438613922928315,7610.0,177.0
G025.401+00.021,9.284780305928058,0.4685431158813813,0.47523726016608414,7871.0,438.0
G025.867+00.118,3.5807562102110158,0.003116372277131685,0.009545720686002568,6120.0,100.0
G027.562+00.084,4.479238300199055,0.2580708345743208,0.3086441188834179,5765.0,261.0
G028.320+01.243,12.809072394659845,1.0056731995468038,1.0052100101025783,14189.0,2932.0
G028.451+00.001,8.939104219796809,0.42226913520667964,0.4375616370321751,7576.0,629.0
G028.581+00.145,9.479112894196557,0.5086374667138873,0.5210601029574047,7490.0,837.0
G028.746+03.458,8.58530129228402,0.39584558114659707,0.3913523673386816,8399.0,73.0
G029.770+00.219,11.114781668407453,0.7091855878226703,0.7204652445662472,8465.0,755.0
G029.956-00.020,4.541427430087709,0.20641366415606388,0.25602427044936604,6510.0,90.0
G030.211+00.428,9.335549761052766,0.4811759980532404,0.4698309764320694,8355.0,1446.0
G030.758-00.047,4.196476953969686,0.002665531026699419,0.007344021272142953,6567.0,30.0
G031.268+00.478,8.83437870773263,0.41144944605537326,0.40579617981601857,8690.0,462.0
G031.580+00.074,4.8789054264794185,0.3095225252622438,0.37598828412552,5769.0,992.0
G032.030+00.048,4.703642006989268,0.07909800237445719,0.09056700776220517,5720.0,519.0
G032.272-00.226,7.098100587836284,0.27611592454591083,0.29987637743393414,8207.0,200.0
G032.733+00.209,7.4462726001699755,0.30198949494235094,0.2929329952798687,5856.0,156.0
G032.800+00.190,7.560007694445962,0.30238909145000914,0.320163767800004,8625.0,49.0
G032.870-00.427,6.053325762266192,0.25043153792395323,0.2764963044262094,6074.0,176.0
G032.928+00.606,11.663271228511462,0.7769470924650861,0.7947745762793463,8641.0,244.0
G032.982-00.338,6.015251143157003,0.2551083174006967,0.2626973262294161,6411.0,207.0
G034.041+00.052,6.559021350481665,0.26118038304089275,0.2662616198014369,5809.0,591.0
G034.133+00.471,6.6225559218157075,0.2532272266131601,0.2632947340246643,6858.0,96.0
G034.256+00.136,5.785122618590922,0.1964898305868985,0.2078342733614127,8084.0,55.0
G034.686+00.068,6.047907018378321,0.24749900803642344,0.2598211046396486,6876.0,418.0
G035.126-00.755,6.497241875024882,0.192948187038672,0.20281931295428457,6793.0,193.0
G035.197-01.756,5.8834426618054145,0.2781486350043192,0.30103383304289544,8603.0,40.0
G035.948-00.149,5.944881303846072,0.2001353138926385,0.21282430938167352,6148.0,1143.0
G037.754+00.560,7.452325878273555,0.27225503676326834,0.27230950344945093,7163.0,246.0
G038.550+00.163,7.06402819928005,0.2523215394695706,0.2640616904763622,7019.0,299.0
G038.643-00.227,5.1217505550482905,0.001301130395316541,0.004230880071795617,7992.0,1725.0
G038.652+00.087,11.463889302277723,0.7204188949003747,0.726530524849613,9428.0,245.0
G038.840+00.495,11.5602828921188,0.76216491154611,0.7498810046892892,9919.0,1792.0
G038.875+00.308,9.241848066643382,0.41778789876863875,0.42388999538036387,7719.0,107.0
G039.196+00.224,9.704685542262487,0.4862983880341307,0.48122503143100914,8853.0,658.0
G039.728-00.396,5.977291730479266,0.21958869985610097,0.24241607427175893,8503.0,255.0
G039.864+00.645,11.49825261716756,0.6979210337687842,0.7139778382596074,8606.0,707.0
G040.503+02.537,7.187658309853641,0.19833335775265404,0.20764015846953754,8223.0,55.0
G043.146+00.013,7.930112553821471,0.3015098717227822,0.30547076165495923,6942.0,48.0
G043.165-00.031,7.560761292181024,0.5640322093553873,0.6292509584169075,8648.0,144.0
G043.168+00.019,7.487884612380387,0.5299191254458382,0.6028042095536819,6282.0,92.0
G043.170-00.004,7.601839605603361,0.5717341307769557,0.6270120795793748,7876.0,35.0
G043.432+00.516,8.968922463728605,0.39209069228823346,0.4076207018527622,8119.0,1883.0
G043.818+00.395,8.761914909021923,0.370927329996217,0.38202520263728346,7806.0,750.0
G043.968+00.993,9.80240058527293,0.47103903218257237,0.48020133881232496,7255.0,647.0
G044.418+00.535,12.472344775234443,0.8604177430339224,0.8902816839390173,8492.0,299.0
G044.501+00.332,11.130352948662804,0.65669487677836,0.6841064685853446,9044.0,694.0
G045.197+00.740,10.484851777201808,0.5734323737621825,0.587226639844733,10841.0,245.0
G045.453+00.044,6.301638150770432,0.3518009428543616,0.5692217838976177,8026.0,63.0
G046.495-00.241,5.947963797526438,0.0006551530115599391,0.002407875159035733,4860.0,80.0
G048.719+01.147,9.700608367500225,0.46521887111546256,0.4682508172553774,7606.0,900.0
G048.922-00.285,6.1825878209322855,0.0019063543158157614,0.006748341731894314,8440.0,60.0
G049.002-00.303,6.189479193224417,0.0016335921041070733,0.005953914079850797,8170.0,50.0
G049.201-00.365,6.207764394689033,0.0014199070379925516,0.0053096989273475614,9070.0,70.0
G049.384-00.298,6.225304148780375,0.0007372759459842726,0.0022962097384686686,8585.0,65.0
G049.399-00.490,6.2262075110720305,0.003227698527247469,0.011842986749434736,6675.0,151.0
G049.489-00.378,6.235235972668996,0.0007436506109268493,0.002322918123423001,7166.0,25.0
G052.098+01.042,6.644035773162232,0.14889420443661372,0.3233845675753244,7725.0,134.0
G052.232+00.735,8.467784615417562,0.3177530008668352,0.330605382862208,8258.0,841.0
G052.766+00.333,7.805791220574464,0.2362599479296028,0.2621665541346925,8970.0,186.0
G055.114+02.422,13.267524580174687,0.9805630193748573,0.980438785643603,11357.0,409.0
G059.796+00.241,8.484337170994605,0.29462139866699033,0.32373220139605685,9068.0,120.0
G060.592+01.572,10.811825287194427,0.5771330832560331,0.6161117273404972,9883.0,922.0
G060.881-00.135,7.163915958509797,0.00037671228397950784,0.001230977577369785,7463.0,77.0
G061.473+00.094,7.204837313444475,0.00041727618048881254,0.001222971701817066,8857.0,43.0
G061.720+00.863,12.39626452993053,0.8280523839517677,0.8307853053960823,9170.0,1282.0
G062.577+02.389,12.529153862666414,0.8272628631454992,0.8586404371966552,10626.0,1470.0
G063.164+00.449,7.317167440734086,0.00028089662739194665,0.0009153402194677085,7760.0,90.0
G064.130-00.475,7.37863449285356,0.00028918096750985,0.0009730362299888995,8452.0,58.0
G068.144+00.915,11.686037661330083,0.682762470649589,0.7389057074893728,10834.0,207.0
G069.922+01.511,11.653860728610324,0.7051021078609576,0.7423295376443075,9703.0,50.0
G070.280+01.583,9.282027756537426,0.37110849358084863,0.39351241251673663,8214.0,109.0
G070.293+01.599,9.305818847414907,0.3604002443898775,0.40606027117009624,10297.0,121.0
G070.304+01.595,8.985836112352464,0.31938609688000774,0.36949209090039226,8211.0,182.0
G070.329+01.589,8.983470967073503,0.3280250202055459,0.3666475382151049,8244.0,170.0
G070.765+01.820,12.631432045388282,0.8416248705372293,0.8763163145851625,8412.0,1317.0
G071.150+00.397,8.690077966700036,0.285176912463017,0.33476728881351825,7551.0,147.0
G073.878+01.023,10.421975060258967,0.5171619468033413,0.5526362533996956,8177.0,545.0
G074.155+01.646,9.58378057055106,0.399386851521081,0.4385811098406158,6327.0,980.0
G074.753+00.912,10.480657829300204,0.5150409182596984,0.5658007518922208,7386.0,592.0
G075.768+00.344,8.083919271494116,0.045844629238356305,0.054698287668655254,7743.0,57.0
G075.842+00.404,8.135855204168589,0.08499098810422012,0.1083252591444861,8363.0,32.0
G076.155-00.286,9.491866903459345,0.37882525674477563,0.4101576765931618,9498.0,119.0
G076.384-00.621,7.996060187387848,0.007280158588321761,0.007984254836037152,11245.0,92.0
G078.032+00.606,8.024042741333682,0.0014708794147590964,0.002276711486436156,8567.0,86.0
G078.147+01.820,8.027213060694123,0.001402715150661038,0.0022855704593691684,8596.0,107.0
G078.886+00.709,8.229995156089533,0.05353325362053063,0.06315319302657585,6530.0,260.0
G079.270+02.488,8.056958216875678,0.00019513648569180475,0.0007375367232071994,7977.0,222.0
G079.293+01.296,9.86792799448161,0.4460054700234455,0.4973914423713488,8693.0,86.0
G080.350+00.718,11.328109423075125,0.6426222102821875,0.6943837098917829,10250.0,155.0
G080.362+01.212,8.08810633228573,0.0018009970276633425,0.002488521015711953,7921.0,294.0
G080.938-00.129,8.100113065190445,0.0015663410221140595,0.002365665325932298,8853.0,62.0
G081.681+00.540,8.119403206791237,0.0027692015828755245,0.0035917589244700565,8829.0,36.0
G082.566+00.362,8.142387814728865,0.003717302899605812,0.004678262420206636,8030.0,128.0
G083.792+03.269,8.174501386531762,0.005985887457191197,0.006637617789612804,8643.0,184.0
G085.241+00.021,9.71264622647204,0.39235932459263445,0.4390463383544976,8824.0,177.0
G092.920+02.823,11.103012880972583,0.639290961389527,0.6695906155933287,10840.0,270.0
G096.289+02.593,13.71278255962815,1.0738042859795343,1.1288430906035583,10169.0,464.0
G096.434+01.324,12.454182096553982,0.7720861432114354,0.8416441183550418,7745.0,762.0
G097.515+03.173,11.64741441524221,0.6542551941551906,0.6980722562089561,9226.0,281.0
G097.528+03.184,11.641454684165927,0.6980032503595179,0.7424524104628549,7726.0,584.0
G101.016+02.590,11.659460057563749,0.67784189758639,0.7141204762474853,7600.0,1434.0
G108.191+00.586,10.346999022684939,0.34244361063212025,0.35158221752420893,9590.0,59.0
G108.375-01.056,10.873659651239302,0.5563829383594587,0.5794530243661082,8992.0,131.0
G108.764-00.952,10.57349262534678,0.5111742335552094,0.5542030529623521,9404.0,81.0
G109.104-00.347,10.265481904042705,0.4771709799925219,0.5315173830554247,4061.0,554.0
G110.099+00.042,10.664549395740448,0.527031159855694,0.5481327502185547,9240.0,75.0
G111.558+00.804,9.481096233838079,0.07389935237547185,0.0742917351529524,8483.0,51.0
G111.612+00.371,11.802603029164029,0.7010096988174226,0.7377117549293679,8428.0,68.0
G112.212+00.229,10.138403411401507,0.4814963650409787,0.5160058437864681,8641.0,118.0
G115.785-01.561,10.2616201906906,0.4941551646077009,0.5189281220427837,8794.0,242.0
G118.345+04.856,8.47928589162552,0.1900329183890861,0.25475981959473515,9540.0,1050.0
G124.637+02.535,13.738568025900948,0.9902102109913287,1.0093627575179642,9181.0,198.0
G124.894+00.323,10.383511238107763,0.4920415309753654,0.5383014999203084,8975.0,460.0
G128.772+02.009,15.066676139745967,1.3414643315469394,1.3525347770447258,10361.0,427.0
G132.156-00.729,11.988655492095576,0.7654074754042313,0.8141646639973317,9785.0,123.0
G133.712+01.221,9.65074172123229,0.03138574692839313,0.03186092071340774,8977.0,38.0
G133.781+01.428,9.644189251196998,0.03090775437134674,0.03165047722944436,8752.0,74.0
G135.188+02.701,14.394712242084688,1.172193802885424,1.2355076174937967,7259.0,1414.0
G136.884+00.911,9.715143320217546,0.03265831262561747,0.03212859304107418,8204.0,257.0
G138.494+01.634,10.521934571675583,0.5551773226219296,0.5560125344385778,8302.0,131.0
G141.084-01.063,9.827954680430597,0.4577399251558756,0.4762163697505226,7300.0,1431.0
G150.596-00.955,10.671897670200975,0.5561458085481483,0.5613172677553848,10016.0,83.0
G151.609-00.233,14.7387764321244,1.3101381983382208,1.273304443214414,10795.0,98.0
G154.646+02.438,12.309125781646545,0.868086918691855,0.8357005159362902,9734.0,175.0
G155.372+02.613,14.508559959207705,1.2421251410231129,1.247088790858621,10253.0,309.0
G192.638-00.008,9.747851909932757,0.06819003506842769,0.06865522977181726,8833.0,107.0
G196.448-01.673,13.297362639105224,0.36623349724958487,0.36040812246512033,8884.0,435.0
G209.037-19.377,8.541310093531363,0.004192333919748492,0.004121947592834019,8322.0,55.0
G213.076-02.213,14.173700042471307,1.1801983077509721,1.1885421382527799,11343.0,162.0
G213.703-12.601,8.861822010994489,0.3122076353140848,0.3295631836402535,8986.0,65.0
G218.737+01.850,12.85330529510947,0.9123592059397581,0.9265452787038502,10671.0,143.0
G220.524-02.759,14.838680742001397,1.3075145688606362,1.3178960073511945,12037.0,725.0
G225.470-02.587,8.263301267230457,0.08868245291032117,0.14291210358877393,7537.0,158.0
G227.760-00.127,11.563992067396386,0.7019810374622839,0.7237670559097804,12495.0,249.0
G231.481-04.401,11.537933328401536,0.6888232994540893,0.6952452089095988,9098.0,286.0
G233.753-00.193,10.020477799764652,0.473117400155326,0.4828782372968998,9482.0,209.0
G243.244+00.406,10.684774427669439,0.5604355933929526,0.5897156097554319,10477.0,214.0
G348.710-01.044,4.987669127556715,0.27429591932595443,0.29363131607875825,7150.0,90.0
G351.246+00.673,6.908243644551588,0.13222103880869351,0.13318332370182873,6772.0,24.0
G351.311+00.663,6.898135051605668,0.140190141666519,0.13755410436896298,6230.0,27.0
G351.367+00.640,6.907736962263517,0.13666803197282285,0.134217897305013,6840.0,40.0
G0.665-0.035,0.0986464299494487,0.02116129751611681,0.05779678609875011,8170.0,180.0
G1.13-0.1,0.1639479501759283,0.014522784428279312,0.044019157898386396,7130.0,70.0
G2.90+0.0,9.868042562218738,2.5067877234664397,2.500811355214049,4840.0,140.0
G3.270-0.101,5.632269384200883,0.6717448753186872,0.6665981149361393,7440.0,280.0
G5.973-1.178,7.875216474395915,0.5588173180077662,0.5580600315035298,8180.0,70.0
G8.137+0.228,4.98287965040748,0.7639689930622975,0.7727737254524945,7090.0,60.0
G10.159-0.34,6.089310403024915,0.6447098916249017,0.6549944055618608,6830.0,30.0
G10.315-0.15,6.569442745433804,0.7376145642523779,0.747957132185813,6800.0,40.0
G10.617-0.38,8.436109236393095,1.240947479825513,1.2352555813706978,9810.0,90.0
G12.807-0.20,4.808903991359288,0.33258378669506516,0.34677321847394715,7620.0,100.0
G13.875+0.28,4.194131897584311,0.44084314318010653,0.4519832906571102,6960.0,80.0
G14.626+0.08,4.925865983630326,0.5026619563028891,0.510843303592643,5510.0,70.0
G15.035-0.68,6.625217212398646,0.46510519860114385,0.46466576359374745,5720.0,60.0
G15.095-0.71,6.250939821246683,0.4301086734958428,0.4320326549044182,9280.0,120.0
G15.181-0.62,6.423967309376996,0.4354346577303341,0.4286707062734081,12900.0,160.0
G15.198-0.76,6.03821413875984,0.3946612110737915,0.4096794554794796,9770.0,120.0
G16.936+0.76,5.586729585109485,0.4368848730021302,0.4605077172129102,7880.0,140.0
G16.936+0.76,5.8620720448928365,0.42536663740458724,0.4399068681459237,7740.0,120.0
G16.984+0.93,5.703032971173436,0.3835348635239777,0.38603370726031816,6890.0,60.0
G16.995+0.86,5.8187039399706695,0.3772905857071889,0.3903128688314945,6970.0,70.0
G18.143-0.28,4.637802177033801,0.35286191758603014,0.3737277517294375,7180.0,70.0
G18.686+1.96,5.8596148060410576,0.34837275233596277,0.343415338485654,7210.0,60.0
G19.066-0.28,4.320515970627553,0.3289421118398468,0.3386857720880281,5440.0,70.0
G19.608-0.23,5.247953053366646,0.36041429402198766,0.3785745052224607,6480.0,80.0
G20.733-0.09,4.7251742896255085,0.3939213125585175,0.4309861658291476,5590.0,90.0
G23.421-0.21,3.7332141868678845,0.2605023209175972,0.3378861984253403,6630.0,60.0
G23.421-0.21,3.6712249511160686,0.25413067062603645,0.34442391727298904,6370.0,50.0
G23.706+0.17,3.586180049784036,0.19657417191396798,0.30012300879438625,6840.0,110.0
G24.467+0.48,3.8101454858247634,0.225093821889367,0.2913944130463584,6370.0,80.0
G24.484+0.21,3.398263586122349,0.0005637862180001285,0.002087738534560568,6360.0,90.0
G24.805+0.09,3.4408368543539067,0.0006082551386787927,0.002219182273752285,5860.0,90.0
G25.382-0.18,4.96260630496443,0.32202352036754256,0.34032395415092864,9280.0,90.0
G25.382-0.18,5.106448021871863,0.31290541455069576,0.3331967335136685,7460.0,70.0
G25.766+0.21,3.564968296126978,0.0005285213233845454,0.0018830300596719418,6120.0,100.0
G28.790+3.48,8.159948813510438,0.513897503603097,0.5157338863089933,8450.0,70.0
G29.944-0.04,4.3386858071793775,0.16806094820619943,0.24698520153260883,6510.0,90.0
G30.776-0.03,4.675378595084897,0.2490073432972313,0.33318963503929133,7030.0,50.0
G32.797+0.19,7.224526774530247,0.46010399155732884,0.4822312113883571,8930.0,110.0
G34.254+0.14,5.805208716208524,0.29811184783381695,0.3058022082457832,8960.0,60.0
G35.194-1.75,6.2080621398377644,0.2953547086276309,0.3130475329658111,9100.0,50.0
G40.505+2.54,7.082367973163659,0.3276507874469843,0.35584385549090136,7820.0,100.0
G43.169+0.00,7.705108692454128,0.4025295383419296,0.44447192450973816,8170.0,40.0
G43.169+0.00,7.818677303791446,0.4235421310289542,0.44066107373783936,8410.0,50.0
G45.451+0.06,6.212713735912127,0.22666140882982244,0.3168061612559807,8550.0,70.0
G46.495-0.25,6.278400485456767,0.2278347681112125,0.34709266672688965,4860.0,80.0
G48.930-0.28,6.182712578866251,0.00014836967522935396,0.0005659835943570002,8440.0,60.0
G48.997-0.29,6.188120461113527,0.000147613758716858,0.0005536920315893923,8170.0,50.0
G49.204-0.34,6.207828989827982,0.00018119470763799939,0.0006161453183466392,9070.0,70.0
G49.384-0.30,6.225525901064475,0.00014927834870714918,0.0005442775116071275,9010.0,90.0
G49.384-0.30,6.492016628376073,0.17689196879655,0.25628607611961485,8160.0,40.0
G49.486-0.38,6.394546236153169,0.1277821241619792,0.2167219482403624,7890.0,20.0
G49.486-0.38,6.53334612679066,0.17652798893859867,0.2606055468488053,7240.0,60.0
G61.470+0.09,7.526663912307231,0.21661728706029582,0.33040061984154967,9120.0,60.0
G63.168+0.46,7.663234455759777,0.22243637356589208,0.28762762473884607,7370.0,70.0
G70.300+1.60,9.16149621743039,0.4590892789829226,0.5429339149534691,10810.0,130.0
G75.834+0.40,8.59559751664032,0.337877816718942,0.45798083839519244,8370.0,50.0
G76.383-0.62,8.148844908589645,0.07220919705155993,0.05910999770555492,12930.0,170.0
G79.293+1.30,9.649879096616456,0.4942277611113166,0.5494017577486758,9100.0,70.0
G79.293+1.30,9.727740595943885,0.5263720849746996,0.6384152853977021,8220.0,80.0
G81.681+0.54,8.113705924061428,7.038102696199644e-06,2.4372194111776935e-05,9120.0,40.0
G93.060+2.81,11.228508600058419,0.7419780159137339,0.8140628488292485,10840.0,270.0
G107.18-0.95,9.666093055825892,0.485875739164376,0.5473083100363674,10400.0,270.0
G110.11+0.04,10.703625736996713,0.6597912747237924,0.6983709864217502,9070.0,140.0
G111.53+0.82,10.98501328486927,0.802313221776215,0.8710964075216303,8230.0,40.0
G112.24+0.23,10.101790828187724,0.6088669420004038,0.6639067269603078,8070.0,130.0
G118.15+4.96,8.69350549479069,0.30654783838063615,0.3528925721484182,9540.0,1050.0
G133.72+1.21,10.583431987477654,0.6735350898005716,0.7084052193332884,8380.0,40.0
G133.790+1.4,10.918271901798805,0.7393129087694756,0.7654989837544477,8880.0,120.0
G150.59-0.95,10.37631322545192,0.7116358291324882,0.7139649888747392,9710.0,90.0
G151.587-0.2,13.97463976850397,1.532533034701423,1.6243205540663226,12570.0,360.0
G151.59-0.23,13.974478755350052,1.6327081836548825,1.6371043040835822,10510.0,90.0
G151.636-0.5,16.41477673927598,2.1476106651669546,2.253752777883882,8680.0,340.0
G155.36+2.61,13.485851693276421,1.7670787880446301,1.815464174132968,10460.0,240.0
G169.19-0.90,12.44826790978067,1.4223982306989829,1.3812027197481616,9700.0,740.0
G189.97+0.40,10.19395471954306,1.4903631770833687,2.053202558029211,9460.0,230.0
G201.6+1.6,11.674963100269643,0.829021719827626,0.8218397088139877,9140.0,220.0
G206.122-2.3,9.502966663313197,0.6955616202818575,0.7288748649581756,7480.0,210.0
G206.618-1.8,9.782427848733956,0.5550568715051813,0.5665487458436775,10770.0,310.0
G209.01-19.4,8.390358853659258,0.14579598900214386,0.20615467603027682,7860.0,40.0
G213.71-12.6,8.804524952148427,0.38327887577599284,0.43230337066823843,8570.0,90.0
G223.7-1.9,9.135838723226037,0.44487550510050156,0.47126498316831444,9910.0,1770.0
G227.79-0.12,10.675558907948735,0.9106439104231381,0.9579091754722935,13560.0,770.0
G231.48-4.40,11.695291575060345,0.7741890113521119,0.7832871209476693,9740.0,260.0
G243.16+0.37,10.889621312145753,0.790811343830315,0.8326289076317561,10220.0,110.0
G345.43-0.94,5.661138999609811,0.34078528117428597,0.34936059245686213,6960.0,50.0
G345.54+0.10,9.037824667298672,1.0162029388988412,1.0309124460541454,12320.0,970.0
G348.23-0.98,5.710308067510396,0.36735427737037885,0.36032121264262784,6610.0,100.0
G350.13+0.09,2.2865410738055485,0.3656172970254554,0.40048059873469466,6710.0,120.0
G351.063+0.6,7.674123035291658,0.4773865999718758,0.3678342095507059,10570.0,340.0
G351.192+0.7,8.592542994348813,0.991534293862558,1.026905813860017,5610.0,20.0
G351.201+0.4,6.904663484301597,0.6389706290738077,0.6352146067169304,6650.0,70.0
G351.246+0.7,8.621887487052508,0.9287683698867104,0.9427272143306205,8560.0,70.0
G351.358+0.6,7.867680280717528,0.4136817264475301,0.2678536416869317,6840.0,40.0
G351.368+0.7,8.026460848132135,0.8139647710325466,0.803580803627888,9700.0,90.0
G351.467-0.4,4.9128635441382515,0.42533119596139546,0.41444418984949216,7460.0,120.0
G351.613-1.2,5.45442751661729,0.3381277251157213,0.3308185963960719,7620.0,30.0
G351.69-1.17,5.906444461957925,0.40165718186273835,0.40251462844558716,7560.0,90.0
G352.61-0.17,1.5297423577628466,0.23532178469941223,0.2739643851363218,7560.0,240.0
G353.035+0.7,6.670280420389672,0.8994166797289749,0.8559932062699547,5630.0,40.0
G353.08+0.36,7.539857490207122,0.762060460142199,0.5452507445891612,5390.0,100.0
G353.14+0.66,7.154545392984746,1.3252228728209232,1.3305584627705151,6250.0,30.0
G353.186+0.8,7.625068385550438,0.6523539241925675,0.4469094292130462,7100.0,40.0
G353.398-0.3,4.476590130971108,0.8480600885224043,0.8587623126840018,8480.0,60.0
G353.43-0.37,4.808516262524423,0.9251614640955039,0.9533158617254509,7750.0,110.0
